{
  "metadata": {
    "bookName": "Punjab Textbook Board Physics",
    "edition": "2024",
    "publisher": "Punjab Textbook Board",
    "classes": ["9th", "10th", "11th", "12th"],
    "subjects": ["Physics", "Chemistry", "Biology", "Mathematics"]
  },
  "questions": [
    {
      "class": "10th",
      "subject": "Physics",
      "chapter": 1,
      "chapterName": "Wave Motion",
      "bookReference": "Page 15, Example 1.1",
      "questionType": "mcq|short|long",
      "question": {
        "id": "ptb_10_phy_ch1_mcq_001",
        "text": "Question text here",
        "options": ["Option A", "Option B", "Option C", "Option D"],
        "correctAnswer": 0,
        "explanation": "Explanation of correct answer (optional)",
        "difficulty": "easy|medium|hard",
        "marks": 1
      }
    }
  ],
  "importInstructions": {
    "howToAdd": "1. Copy this template\n2. Add your questions following the same structure\n3. Place the JSON file in src/data/questions/{class}/\n4. Run npm run build to regenerate the question bank",
    "supportedFormats": [".json"],
    "maxQuestionsPerChapter": 100,
    "requiredFields": ["class", "subject", "chapter", "chapterName", "questionType", "question.text", "question.difficulty", "question.marks"]
  }
}
