{
  "$schema": "https://openapi.vercel.sh/vercel.json",
  "functions": {
    "src/app/api/generate-pdf/route.ts": {
      "memory": 1024,
      "maxDuration": 30
    },
    "src/app/api/auth/send-otp/route.ts": {
      "memory": 256,
      "maxDuration": 10
    },
    "src/app/api/auth/signup/route.ts": {
      "memory": 256,
      "maxDuration": 10
    }
  },
  "headers": [
    {
      "source": "/api/generate-pdf",
      "headers": [
        {
          "key": "Access-Control-Allow-Origin",
          "value": "*"
        },
        {
          "key": "Access-Control-Allow-Methods",
          "value": "POST, OPTIONS"
        },
        {
          "key": "Access-Control-Allow-Headers",
          "value": "Content-Type"
        }
      ]
    }
  ]
}