{
  "class": "9th",
  "subject": "Chemistry",
  "chapters": [
    {
      "id": "9_chem_ch1",
      "number": 1,
      "name": "States of Matter and Phase Changes",
      "mcqs": [
        {
          "questionText": "Matter is present in neon signs in the state of:",
          "options": [
            "Supercritical fluid",
            "Plasma",
            "Gas",
            "Liquid crystal"
          ],
          "correctOption": 1,
          "difficulty": "easy",
          "marks": 1,
          "id": "9_chem_ch1_mcq_1"
        },
        {
          "questionText": "Hazardous effects of shopping bags are studied in:",
          "options": [
            "Geochemistry",
            "Inorganic Chemistry",
            "Analytical Chemistry",
            "Environmental Chemistry"
          ],
          "correctOption": 3,
          "difficulty": "easy",
          "marks": 1,
          "id": "9_chem_ch1_mcq_2"
        },
        {
          "questionText": "The man-made polymer is:",
          "options": [
            "Starch",
            "Polystyrene",
            "Protein",
            "Cellulose"
          ],
          "correctOption": 1,
          "difficulty": "easy",
          "marks": 1,
          "id": "9_chem_ch1_mcq_3"
        },
        {
          "questionText": "Which liquid is a colloidal solution?",
          "options": [
            "Milk",
            "Slaked lime used for white wash",
            "Vinegar solution",
            "Mixture of AgCl in water"
          ],
          "correctOption": 0,
          "difficulty": "medium",
          "marks": 1,
          "id": "9_chem_ch1_mcq_4"
        },
        {
          "questionText": "Which of the following is a heterogeneous mixture?",
          "options": [
            "A solution of calcium hydroxide in water",
            "A solution of potassium nitrate in water",
            "Hot chocolate",
            "Concrete mixture"
          ],
          "correctOption": 3,
          "difficulty": "medium",
          "marks": 1,
          "id": "9_chem_ch1_mcq_5"
        },
        {
          "questionText": "When the tiny visible particles of a substance are dispersed through a medium, the mixture is named as:",
          "options": [
            "True solution",
            "Colloid",
            "Suspension",
            "Saturated solution"
          ],
          "correctOption": 2,
          "difficulty": "easy",
          "marks": 1,
          "id": "9_chem_ch1_mcq_6"
        },
        {
          "questionText": "Which branch of chemistry focuses on the properties and synthesis of macromolecules like proteins and cellulose?",
          "options": [
            "Biochemistry",
            "Polymer Chemistry",
            "Physical Chemistry",
            "Analytical Chemistry"
          ],
          "correctOption": 1,
          "difficulty": "easy",
          "marks": 1,
          "id": "9_chem_ch1_mcq_7"
        },
        {
          "questionText": "A pure substance containing the same kind of atoms that cannot be broken down by ordinary chemical reactions is called:",
          "options": [
            "A compound",
            "A mixture",
            "An element",
            "A solvent"
          ],
          "correctOption": 2,
          "difficulty": "easy",
          "marks": 1,
          "id": "9_chem_ch1_mcq_8"
        },
        {
          "questionText": "A solution in which solute particles completely homogenize and cannot be seen by the naked eye is called:",
          "options": [
            "True solution",
            "Suspension",
            "Colloid",
            "Unsaturated solution"
          ],
          "correctOption": 0,
          "difficulty": "easy",
          "marks": 1,
          "id": "9_chem_ch1_mcq_9"
        }
      ],
      "shortQuestions": [
        {
          "questionText": "Why is there a need to divide Chemistry into many branches? Give three reasons.",
          "difficulty": "easy",
          "marks": 2,
          "id": "9_chem_ch1_short_1"
        },
        {
          "questionText": "Reactions may take place due to electrons present outside of the nucleus or they may take place inside the nucleus. Which branches of Chemistry cover these two types of reactions?",
          "difficulty": "medium",
          "marks": 2,
          "id": "9_chem_ch1_short_2"
        },
        {
          "questionText": "Why are supercritical fluids important?",
          "difficulty": "medium",
          "marks": 2,
          "id": "9_chem_ch1_short_3"
        },
        {
          "questionText": "In which state does matter exist in the Sun?",
          "difficulty": "easy",
          "marks": 2,
          "id": "9_chem_ch1_short_4"
        },
        {
          "questionText": "Which form of matter do most of the material things in this world belong to?",
          "difficulty": "easy",
          "marks": 2,
          "id": "9_chem_ch1_short_5"
        },
        {
          "questionText": "How does a supercritical state look like?",
          "difficulty": "easy",
          "marks": 2,
          "id": "9_chem_ch1_short_6"
        },
        {
          "questionText": "In what way is plasma created in a fluorescent tube?",
          "difficulty": "medium",
          "marks": 2,
          "id": "9_chem_ch1_short_7"
        },
        {
          "questionText": "Most of the molecules we study in biochemistry are organic in nature. Where does the difference exist in organic and biochemistry branches of Chemistry?",
          "difficulty": "medium",
          "marks": 2,
          "id": "9_chem_ch1_short_8"
        },
        {
          "questionText": "Preparation of solutions leads to an important process in chemistry which enables us to purify a compound through crystallization. Describe a process in which potassium nitrate is purified by crystallizing it in water.",
          "difficulty": "medium",
          "marks": 3,
          "id": "9_chem_ch1_short_9"
        },
        {
          "questionText": "Identify the sub-fields of chemistry involved in discovering medicines and studying their metabolism in the human body.",
          "difficulty": "medium",
          "marks": 2,
          "id": "9_chem_ch1_short_10"
        },
        {
          "questionText": "Define a mixture and state the difference between homogeneous and heterogeneous mixtures with one example each.",
          "difficulty": "easy",
          "marks": 3,
          "id": "9_chem_ch1_short_11"
        },
        {
          "questionText": "How does a true solution differ from a colloidal solution regarding the filtration process?",
          "difficulty": "medium",
          "marks": 2,
          "id": "9_chem_ch1_short_12"
        }
      ],
      "longQuestions": [
        {
          "questionText": "Mention the name of the branch of Chemistry in which you will study each of the following topics: (a) Rate of a reaction (b) Digestion of food in human body (c) Properties of plasma (d) Ecosystem (e) Reactions taking place during fireworks (f) Measurement of the absorption of wavelength with the help of ultraviolet spectrometer",
          "difficulty": "medium",
          "marks": 5,
          "id": "9_chem_ch1_long_1"
        },
        {
          "questionText": "What are supercritical fluids? How are they different from ordinary liquids?",
          "difficulty": "medium",
          "marks": 5,
          "id": "9_chem_ch1_long_2"
        },
        {
          "questionText": "What types of movements are present in gaseous and liquid molecules?",
          "difficulty": "easy",
          "marks": 5,
          "id": "9_chem_ch1_long_3"
        },
        {
          "questionText": "Differentiate between the areas which are studied under inorganic and organic chemistry.",
          "difficulty": "medium",
          "marks": 5,
          "id": "9_chem_ch1_long_4"
        },
        {
          "questionText": "Compare the defining properties of elements, compounds, and mixtures. Explain how the components of a compound lose their individual properties while those in a mixture retain theirs.",
          "difficulty": "medium",
          "marks": 5,
          "id": "9_chem_ch1_long_5"
        },
        {
          "questionText": "Describe the formation of unsaturated and saturated solutions. Explain the exact point at which a solution transitions from unsaturated to saturated.",
          "difficulty": "medium",
          "marks": 5,
          "id": "9_chem_ch1_long_6"
        }
      ]
    },
    {
      "id": "9_chem_ch2",
      "number": 2,
      "name": "Atomic Structure",
      "mcqs": [
        {
          "questionText": "How many electrons can be accommodated at the most in the third shell of the elements?",
          "options": [
            "8",
            "18",
            "10",
            "32"
          ],
          "correctOption": 1,
          "difficulty": "easy",
          "marks": 1,
          "id": "9_chem_ch2_mcq_1"
        },
        {
          "questionText": "What information was obtained from discharge tube experiments?",
          "options": [
            "Structure of atom was discovered.",
            "Neutrons and protons were discovered.",
            "Electrons and protons were discovered.",
            "Presence of nucleus in an atom was discovered."
          ],
          "correctOption": 2,
          "difficulty": "medium",
          "marks": 1,
          "id": "9_chem_ch2_mcq_2"
        },
        {
          "questionText": "Why have isotopes not been shown in the periodic table?",
          "options": [
            "Periodic table cannot accommodate a large number of isotopes.",
            "Some isotopes are unstable.",
            "All the isotopes have the same atomic number; so there is no need to give them separate places.",
            "Isotopes do not show periodic behavior."
          ],
          "correctOption": 2,
          "difficulty": "medium",
          "marks": 1,
          "id": "9_chem_ch2_mcq_3"
        },
        {
          "questionText": "Which particle is present in different number in the isotopes?",
          "options": [
            "Electron",
            "Neutron",
            "Proton",
            "Both neutron and electron"
          ],
          "correctOption": 1,
          "difficulty": "easy",
          "marks": 1,
          "id": "9_chem_ch2_mcq_4"
        },
        {
          "questionText": "In which isotope of oxygen there are the equal number of protons, electrons and neutrons?",
          "options": [
            "17O",
            "16O",
            "18O",
            "None of these"
          ],
          "correctOption": 1,
          "difficulty": "medium",
          "marks": 1,
          "id": "9_chem_ch2_mcq_5"
        },
        {
          "questionText": "What will be the relative atomic mass of nitrogen given the abundances of its two isotopes, 14N and 15N are 99.64 and 0.35 respectively.",
          "options": [
            "14.0210",
            "14.0021",
            "14.2100",
            "14.1200"
          ],
          "correctOption": 1,
          "difficulty": "hard",
          "marks": 1,
          "id": "9_chem_ch2_mcq_6"
        },
        {
          "questionText": "What does keep the particles present in the nucleus intact?",
          "options": [
            "Particles are held together by strong nuclear force.",
            "Particles are held together by weak nuclear force.",
            "Particles are held together by electrostatic force.",
            "Particles are held together by dipolar force."
          ],
          "correctOption": 0,
          "difficulty": "medium",
          "marks": 1,
          "id": "9_chem_ch2_mcq_7"
        },
        {
          "questionText": "How do electrons keep themselves away from the oppositely charged nucleus?",
          "options": [
            "By keeping themselves stationary",
            "By revolving around the nucleus",
            "Due to their wave-like nature",
            "A magnetic field around the nucleus keeps them away"
          ],
          "correctOption": 1,
          "difficulty": "medium",
          "marks": 1,
          "id": "9_chem_ch2_mcq_8"
        },
        {
          "questionText": "According to Bohr's atomic model, the energy of an electron is minimum when it is in the:",
          "options": [
            "L shell",
            "M shell",
            "Ground state",
            "Excited state"
          ],
          "correctOption": 2,
          "difficulty": "easy",
          "marks": 1,
          "id": "9_chem_ch2_mcq_9"
        },
        {
          "questionText": "The fundamental particle that carries no charge and has a mass almost the same as a proton is the:",
          "options": [
            "Electron",
            "Neutron",
            "Positron",
            "Canal ray"
          ],
          "correctOption": 1,
          "difficulty": "easy",
          "marks": 1,
          "id": "9_chem_ch2_mcq_10"
        },
        {
          "questionText": "The relative atomic mass is calculated relative to 1/12th of the mass of an atom of:",
          "options": [
            "Oxygen-16",
            "Carbon-12",
            "Hydrogen-1",
            "Nitrogen-14"
          ],
          "correctOption": 1,
          "difficulty": "easy",
          "marks": 1,
          "id": "9_chem_ch2_mcq_11"
        }
      ],
      "shortQuestions": [
        {
          "questionText": "Why is it said that almost all the mass of an atom is concentrated in its nucleus?",
          "difficulty": "easy",
          "marks": 2,
          "id": "9_chem_ch2_short_1"
        },
        {
          "questionText": "Why are elements different from one another?",
          "difficulty": "easy",
          "marks": 2,
          "id": "9_chem_ch2_short_2"
        },
        {
          "questionText": "How many neutrons are present in 210/83 Bi?",
          "difficulty": "medium",
          "marks": 2,
          "id": "9_chem_ch2_short_3"
        },
        {
          "questionText": "Why does the energy of electron increase as we move from first shell to second shell?",
          "difficulty": "medium",
          "marks": 2,
          "id": "9_chem_ch2_short_4"
        },
        {
          "questionText": "Why is it needed to lower the pressure of the gas inside the discharge tube?",
          "difficulty": "medium",
          "marks": 2,
          "id": "9_chem_ch2_short_5"
        },
        {
          "questionText": "What is the classical concept of an electron? How has this concept changed with time?",
          "difficulty": "medium",
          "marks": 3,
          "id": "9_chem_ch2_short_6"
        },
        {
          "questionText": "A system just like our solar system exists in an atom. Comment on this statement.",
          "difficulty": "medium",
          "marks": 2,
          "id": "9_chem_ch2_short_7"
        },
        {
          "questionText": "Define proton number and explain why it is unique to each element.",
          "difficulty": "easy",
          "marks": 2,
          "id": "9_chem_ch2_short_8"
        },
        {
          "questionText": "Calculate the number of neutrons and electrons in a neutral atom of Sulfur-32 (Atomic number 16).",
          "difficulty": "medium",
          "marks": 3,
          "id": "9_chem_ch2_short_9"
        },
        {
          "questionText": "Describe the process of forming a cation and an anion from neutral atoms.",
          "difficulty": "medium",
          "marks": 2,
          "id": "9_chem_ch2_short_10"
        }
      ],
      "longQuestions": [
        {
          "questionText": "Explain the structure of a hydrogen atom.",
          "difficulty": "medium",
          "marks": 5,
          "id": "9_chem_ch2_long_1"
        },
        {
          "questionText": "How does the theory of atomic structure explain the ionization of atoms by a radioactive isotope?",
          "difficulty": "hard",
          "marks": 5,
          "id": "9_chem_ch2_long_2"
        },
        {
          "questionText": "Describe the discharge tube experiments conducted by J.J. Thomson and E. Goldstein. How did these lead to the discovery of the electron and the proton?",
          "difficulty": "medium",
          "marks": 5,
          "id": "9_chem_ch2_long_3"
        },
        {
          "questionText": "Discuss Bohr's atomic model. Detail how electrons are distributed into principal shells (K, L, M) according to the $2n^2$ formula.",
          "difficulty": "medium",
          "marks": 5,
          "id": "9_chem_ch2_long_4"
        }
      ]
    },
    {
      "id": "9_chem_ch3",
      "number": 3,
      "name": "Chemical Bonding",
      "mcqs": [
        {
          "questionText": "When molten copper and molten zinc are mixed together, they give rise to a new substance called brass. Predict what type of bond is formed between copper and zinc.",
          "options": [
            "Coordinate covalent bond",
            "Ionic bond",
            "Metallic bond",
            "Covalent bond"
          ],
          "correctOption": 2,
          "difficulty": "medium",
          "marks": 1,
          "id": "9_chem_ch3_mcq_1"
        },
        {
          "questionText": "Which element is capable of forming all the three types of bonds; covalent, coordinate covalent and ionic?",
          "options": [
            "Carbon",
            "Oxygen",
            "Magnesium",
            "Silicon"
          ],
          "correctOption": 1,
          "difficulty": "medium",
          "marks": 1,
          "id": "9_chem_ch3_mcq_2"
        },
        {
          "questionText": "Why is $H_2O$ a liquid while $H_2S$ is a gas?",
          "options": [
            "Because in water, the atomic size of oxygen is smaller than that of sulphur",
            "Because water is a polar compound and there exists strong forces of attraction between its molecules",
            "Because $H_2O$ molecule is lighter than $H_2S$",
            "Because water can easily freeze into ice"
          ],
          "correctOption": 1,
          "difficulty": "medium",
          "marks": 1,
          "id": "9_chem_ch3_mcq_3"
        },
        {
          "questionText": "Which of the following bonds is expected to be the weakest?",
          "options": [
            "C-C",
            "Cl-Cl",
            "O-O",
            "F-F"
          ],
          "correctOption": 3,
          "difficulty": "medium",
          "marks": 1,
          "id": "9_chem_ch3_mcq_4"
        },
        {
          "questionText": "Keeping in view the intermolecular forces of attraction, indicate which compound has the highest boiling point.",
          "options": [
            "$H_2O$",
            "$H_2S$",
            "HF",
            "$NH_3$"
          ],
          "correctOption": 2,
          "difficulty": "medium",
          "marks": 1,
          "id": "9_chem_ch3_mcq_5"
        },
        {
          "questionText": "Which metal has the lowest melting point?",
          "options": [
            "Li",
            "Na",
            "K",
            "Rb"
          ],
          "correctOption": 3,
          "difficulty": "medium",
          "marks": 1,
          "id": "9_chem_ch3_mcq_6"
        },
        {
          "questionText": "Which ionic compound has the highest melting point?",
          "options": [
            "NaCl",
            "KCl",
            "LiCl",
            "RbCl"
          ],
          "correctOption": 2,
          "difficulty": "medium",
          "marks": 1,
          "id": "9_chem_ch3_mcq_7"
        },
        {
          "questionText": "Which among the following has a double covalent bond?",
          "options": [
            "Ethane",
            "Methane",
            "Ethylene",
            "Acetylene"
          ],
          "correctOption": 2,
          "difficulty": "easy",
          "marks": 1,
          "id": "9_chem_ch3_mcq_8"
        },
        {
          "questionText": "The noble gas electronic configuration implies having how many electrons in the outermost shell (for elements other than H and He)?",
          "options": [
            "2",
            "6",
            "8",
            "10"
          ],
          "correctOption": 2,
          "difficulty": "easy",
          "marks": 1,
          "id": "9_chem_ch3_mcq_9"
        },
        {
          "questionText": "In a coordinate covalent bond, the species that donates the electron pair is known as the:",
          "options": [
            "Acceptor",
            "Donor",
            "Cation",
            "Delocalized entity"
          ],
          "correctOption": 1,
          "difficulty": "easy",
          "marks": 1,
          "id": "9_chem_ch3_mcq_10"
        }
      ],
      "shortQuestions": [
        {
          "questionText": "What type of elements lose their outer electron easily and what type of elements gain electron easily?",
          "difficulty": "easy",
          "marks": 2,
          "id": "9_chem_ch3_short_1"
        },
        {
          "questionText": "Give one example of an element which exists as a crystalline solid and it has covalent bonds between its atoms.",
          "difficulty": "medium",
          "marks": 2,
          "id": "9_chem_ch3_short_2"
        },
        {
          "questionText": "Is coordinate covalent bond a strong bond?",
          "difficulty": "easy",
          "marks": 2,
          "id": "9_chem_ch3_short_3"
        },
        {
          "questionText": "Write down dot and cross formula of $HNO_3$.",
          "difficulty": "medium",
          "marks": 2,
          "id": "9_chem_ch3_short_4"
        },
        {
          "questionText": "Why HF is a liquid while HCl is a gas?",
          "difficulty": "medium",
          "marks": 2,
          "id": "9_chem_ch3_short_5"
        },
        {
          "questionText": "Why covalent compounds are generally not soluble in water?",
          "difficulty": "medium",
          "marks": 2,
          "id": "9_chem_ch3_short_6"
        },
        {
          "questionText": "How do metals conduct heat?",
          "difficulty": "easy",
          "marks": 2,
          "id": "9_chem_ch3_short_7"
        },
        {
          "questionText": "How many oxides does nitrogen form. Write down the formulae of oxides?",
          "difficulty": "easy",
          "marks": 2,
          "id": "9_chem_ch3_short_8"
        },
        {
          "questionText": "Draw a Lewis dot-and-cross diagram to show the formation of $NaCl$.",
          "difficulty": "medium",
          "marks": 2,
          "id": "9_chem_ch3_short_9"
        },
        {
          "questionText": "Explain why ionic compounds conduct electricity in the molten state but not in the solid state.",
          "difficulty": "medium",
          "marks": 2,
          "id": "9_chem_ch3_short_10"
        }
      ],
      "longQuestions": [
        {
          "questionText": "Explain the formation of an ionic bond and a covalent bond.",
          "difficulty": "medium",
          "marks": 5,
          "id": "9_chem_ch3_long_1"
        },
        {
          "questionText": "Explain the properties of metals keeping in view the nature of metallic bond.",
          "difficulty": "medium",
          "marks": 5,
          "id": "9_chem_ch3_long_2"
        },
        {
          "questionText": "Why are metals usually hard and heavy?",
          "difficulty": "medium",
          "marks": 5,
          "id": "9_chem_ch3_long_3"
        },
        {
          "questionText": "Compare the formation of single, double, and triple covalent bonds. Illustrate your answer using the molecules of Hydrogen ($H_2$), Oxygen ($O_2$), and Nitrogen ($N_2$).",
          "difficulty": "medium",
          "marks": 5,
          "id": "9_chem_ch3_long_4"
        },
        {
          "questionText": "Describe the structure of a metallic bond as a \"sea of electrons\" and justify why this structure gives metals their malleability and conductivity.",
          "difficulty": "medium",
          "marks": 5,
          "id": "9_chem_ch3_long_5"
        }
      ]
    },
    {
      "id": "9_chem_ch4",
      "number": 4,
      "name": "Stoichiometry",
      "mcqs": [
        {
          "questionText": "How many atoms are present in one gram of $H_2O$?",
          "options": [
            "$1002\\times10^{23}$ atoms",
            "$6.022\\times10^{23}$ atoms",
            "$0.334\\times10^{23}$ atoms",
            "$2.004\\times10^{23}$ atoms"
          ],
          "correctOption": 0,
          "difficulty": "hard",
          "marks": 1,
          "id": "9_chem_ch4_mcq_1"
        },
        {
          "questionText": "Which is the correct formula of calcium phosphide?",
          "options": [
            "CaP",
            "$CaP_2$",
            "$Ca_2P_3$",
            "$Ca_3P_2$"
          ],
          "correctOption": 3,
          "difficulty": "medium",
          "marks": 1,
          "id": "9_chem_ch4_mcq_2"
        },
        {
          "questionText": "How many atomic mass units (amu) are there in one gram?",
          "options": [
            "1 amu",
            "$10^{23}$ amu",
            "$6.022\\times10^{23}$ amu",
            "$6.022\\times10^{22}$ amu"
          ],
          "correctOption": 2,
          "difficulty": "medium",
          "marks": 1,
          "id": "9_chem_ch4_mcq_3"
        },
        {
          "questionText": "Structural formula of 2-hexene is $CH_3-CH=CH-(CH_2)_2-CH_3$. What will be its empirical formula?",
          "options": [
            "$C_2H_2$",
            "CH",
            "$C_6H_{12}$",
            "$CH_2$"
          ],
          "correctOption": 3,
          "difficulty": "medium",
          "marks": 1,
          "id": "9_chem_ch4_mcq_4"
        },
        {
          "questionText": "How many moles are there in 25 g of $H_2SO_4$?",
          "options": [
            "0.765 moles",
            "0.51 moles",
            "0.255 moles",
            "0.4 moles"
          ],
          "correctOption": 2,
          "difficulty": "medium",
          "marks": 1,
          "id": "9_chem_ch4_mcq_5"
        },
        {
          "questionText": "A necklace has 6g of diamonds in it. What are the number of carbon atoms in it?",
          "options": [
            "$6.02\\times10^{23}$",
            "$12.04\\times10^{23}$",
            "$1.003\\times10^{23}$",
            "$3.01\\times10^{23}$"
          ],
          "correctOption": 3,
          "difficulty": "medium",
          "marks": 1,
          "id": "9_chem_ch4_mcq_6"
        },
        {
          "questionText": "What is the mass of Al in 204g of aluminium oxide, $Al_2O_3$?",
          "options": [
            "26g",
            "27g",
            "54g",
            "108g"
          ],
          "correctOption": 3,
          "difficulty": "hard",
          "marks": 1,
          "id": "9_chem_ch4_mcq_7"
        },
        {
          "questionText": "The formula that gives the simplest whole-number ratio of atoms in a molecule is the:",
          "options": [
            "Molecular Formula",
            "Structural Formula",
            "Empirical Formula",
            "Molar Formula"
          ],
          "correctOption": 2,
          "difficulty": "easy",
          "marks": 1,
          "id": "9_chem_ch4_mcq_8"
        },
        {
          "questionText": "In a balanced chemical equation, the stoichiometric coefficients represent the:",
          "options": [
            "Mass ratio",
            "Mole ratio",
            "Volume ratio",
            "Density ratio"
          ],
          "correctOption": 1,
          "difficulty": "easy",
          "marks": 1,
          "id": "9_chem_ch4_mcq_9"
        }
      ],
      "shortQuestions": [
        {
          "questionText": "Write down the chemical formula of barium nitride.",
          "difficulty": "easy",
          "marks": 2,
          "id": "9_chem_ch4_short_1"
        },
        {
          "questionText": "How many molecules are present in 1.5 g $H_2O$?",
          "difficulty": "medium",
          "marks": 3,
          "id": "9_chem_ch4_short_2"
        },
        {
          "questionText": "What is the difference between a mole and Avogadro's number?",
          "difficulty": "easy",
          "marks": 2,
          "id": "9_chem_ch4_short_3"
        },
        {
          "questionText": "Write down the chemical equation of the following reaction: Copper + Sulphuric acid → Copper sulphate + Sulphur dioxide + Water",
          "difficulty": "easy",
          "marks": 2,
          "id": "9_chem_ch4_short_4"
        },
        {
          "questionText": "Different compounds will never have the same molecular formula but they can have the same empirical formula. Explain.",
          "difficulty": "medium",
          "marks": 2,
          "id": "9_chem_ch4_short_5"
        },
        {
          "questionText": "Write down the chemical formulas of the following compounds: Calcium phosphate, Aluminium nitride, Sodium acetate, Ammonium carbonate and Bismuth sulphate.",
          "difficulty": "easy",
          "marks": 3,
          "id": "9_chem_ch4_short_6"
        },
        {
          "questionText": "Why does Avogadro's number have an immense importance in chemistry?",
          "difficulty": "easy",
          "marks": 2,
          "id": "9_chem_ch4_short_7"
        },
        {
          "questionText": "Define molar mass and calculate the molar mass of $Na_2CO_3$.",
          "difficulty": "medium",
          "marks": 3,
          "id": "9_chem_ch4_short_8"
        },
        {
          "questionText": "Deduce the empirical formula of a compound whose molecular formula is $C_6H_{12}O_6$.",
          "difficulty": "easy",
          "marks": 2,
          "id": "9_chem_ch4_short_9"
        }
      ],
      "longQuestions": [
        {
          "questionText": "Which conditions must be fulfilled before writing a chemical equation for a reaction?",
          "difficulty": "easy",
          "marks": 5,
          "id": "9_chem_ch4_long_1"
        },
        {
          "questionText": "Explain the concepts of Avogadro's number and mole.",
          "difficulty": "easy",
          "marks": 5,
          "id": "9_chem_ch4_long_2"
        },
        {
          "questionText": "How many moles of coal are needed to produce 10 moles of CO according to the following equation? $3C_{(s)} + O_{2(g)} + H_2O_{(l)} \\rightarrow H_{2(g)} + 3CO_{(g)}$",
          "difficulty": "hard",
          "marks": 5,
          "id": "9_chem_ch4_long_3"
        },
        {
          "questionText": "How much $SO_2$ is needed in grams to produce 10 moles of sulphur? $2H_2S_{(g)} + SO_{2(g)} \\rightarrow 2H_2O_{(l)} + 3S_{(s)}$",
          "difficulty": "hard",
          "marks": 5,
          "id": "9_chem_ch4_long_4"
        },
        {
          "questionText": "How much ammonia is needed in grams to produce 1 kg of urea fertilizer? $2NH_{3(aq)} + CO_{2(aq)} \\rightarrow CO(NH_2)_{2(aq)} + H_2O_{(l)}$",
          "difficulty": "hard",
          "marks": 5,
          "id": "9_chem_ch4_long_5"
        },
        {
          "questionText": "Calculate the number of atoms in the following: (a) 3g of $H_2$ (b) 3.4 moles of $N_2$ (c) 10g of $C_6H_{12}O_6$.",
          "difficulty": "hard",
          "marks": 5,
          "id": "9_chem_ch4_long_6"
        },
        {
          "questionText": "Explain the steps to deduce the formula of a binary ionic compound using the criss-cross method. Illustrate with Aluminum Oxide and Magnesium Nitride.",
          "difficulty": "medium",
          "marks": 5,
          "id": "9_chem_ch4_long_7"
        },
        {
          "questionText": "State the Law of Conservation of Mass. Demonstrate mathematically how stoichiometry relies on this law using the synthesis reaction of water.",
          "difficulty": "medium",
          "marks": 5,
          "id": "9_chem_ch4_long_8"
        }
      ]
    },
    {
      "id": "9_chem_ch5",
      "number": 5,
      "name": "Energetics",
      "mcqs": [
        {
          "questionText": "The following reaction is an exothermic reaction: $H_2 + Cl_2 \\xrightarrow{Sunlight} 2HCl$. From where does the energy come to break the bonds of $H_2$ and $Cl_2$?",
          "options": [
            "By collisions between the molecules",
            "From sunlight",
            "From the surrounding",
            "By collisions of the molecules with the walls of the container"
          ],
          "correctOption": 1,
          "difficulty": "medium",
          "marks": 1,
          "id": "9_chem_ch5_mcq_1"
        },
        {
          "questionText": "Which of the following reactions has the least value of activation energy?",
          "options": [
            "$H_{2(g)} + \\frac{1}{2}O_{2(g)} \\rightarrow H_2O_{(g)}$",
            "$C_{(s)} + O_{2(g)} \\rightarrow CO_{2(g)}$",
            "$NaCl_{(aq)} + AgNO_{3(aq)} \\rightarrow AgCl_{(s)} + NaNO_{3(aq)}$",
            "$H_{2(g)} + I_{2(s)} \\rightarrow 2HI_{(g)}$"
          ],
          "correctOption": 2,
          "difficulty": "medium",
          "marks": 1,
          "id": "9_chem_ch5_mcq_2"
        },
        {
          "questionText": "Formation of which hydrogen halide from the elements is an endothermic reaction?",
          "options": [
            "HCl",
            "HF",
            "HBr",
            "HI"
          ],
          "correctOption": 3,
          "difficulty": "medium",
          "marks": 1,
          "id": "9_chem_ch5_mcq_3"
        },
        {
          "questionText": "What are the products of anaerobic respiration?",
          "options": [
            "ATP + $CO_2$ + $H_2O$",
            "$CO_2$ + $H_2O$",
            "ATP + Ethanol + $H_2O$",
            "Ethanol + $CO_2$ + Energy"
          ],
          "correctOption": 3,
          "difficulty": "easy",
          "marks": 1,
          "id": "9_chem_ch5_mcq_4"
        },
        {
          "questionText": "Enthalpy change ($\\Delta H$) is assigned a positive sign when a reaction is:",
          "options": [
            "Exothermic",
            "Endothermic",
            "Catalyzed",
            "Neutral"
          ],
          "correctOption": 1,
          "difficulty": "easy",
          "marks": 1,
          "id": "9_chem_ch5_mcq_5"
        },
        {
          "questionText": "The minimum energy that colliding particles must possess for a successful reaction is called:",
          "options": [
            "Enthalpy",
            "Heat capacity",
            "Activation energy",
            "Kinetic energy"
          ],
          "correctOption": 2,
          "difficulty": "easy",
          "marks": 1,
          "id": "9_chem_ch5_mcq_6"
        }
      ],
      "shortQuestions": [
        {
          "questionText": "What is the difference between enthalpy and enthalpy change?",
          "difficulty": "easy",
          "marks": 2,
          "id": "9_chem_ch5_short_1"
        },
        {
          "questionText": "Why is breaking of a bond an endothermic process?",
          "difficulty": "easy",
          "marks": 2,
          "id": "9_chem_ch5_short_2"
        },
        {
          "questionText": "Depict the transition state for the following reaction: $H_2 + Cl_2 \\rightarrow 2HCl$.",
          "difficulty": "medium",
          "marks": 2,
          "id": "9_chem_ch5_short_3"
        },
        {
          "questionText": "What is the role of glycogen in our body?",
          "difficulty": "easy",
          "marks": 2,
          "id": "9_chem_ch5_short_4"
        },
        {
          "questionText": "Explain why the reaction between atmospheric gases oxygen and nitrogen does not take place under normal conditions?",
          "difficulty": "medium",
          "marks": 2,
          "id": "9_chem_ch5_short_5"
        },
        {
          "questionText": "Define a thermodynamic system and its surroundings with an example.",
          "difficulty": "easy",
          "marks": 2,
          "id": "9_chem_ch5_short_6"
        },
        {
          "questionText": "Why is the overall enthalpy change of a reaction dependent on the sum of bond-breaking and bond-forming energies?",
          "difficulty": "medium",
          "marks": 2,
          "id": "9_chem_ch5_short_7"
        }
      ],
      "longQuestions": [
        {
          "questionText": "Explain the difference between the terms heat and enthalpy.",
          "difficulty": "medium",
          "marks": 5,
          "id": "9_chem_ch5_long_1"
        },
        {
          "questionText": "Explain why formation of a bond is always an exothermic process.",
          "difficulty": "medium",
          "marks": 5,
          "id": "9_chem_ch5_long_2"
        },
        {
          "questionText": "Explain the following terms: Activation energy, Transition state, Aerobic respiration.",
          "difficulty": "medium",
          "marks": 5,
          "id": "9_chem_ch5_long_3"
        },
        {
          "questionText": "Why is it essential to cook some of the food items while others we can eat without cooking?",
          "difficulty": "medium",
          "marks": 5,
          "id": "9_chem_ch5_long_4"
        },
        {
          "questionText": "Draw and label a reaction pathway diagram for an exothermic reaction, clearly indicating the activation energy, enthalpy change, reactants, and products. Explain how a catalyst affects this pathway.",
          "difficulty": "medium",
          "marks": 5,
          "id": "9_chem_ch5_long_5"
        },
        {
          "questionText": "Discuss aerobic and anaerobic respiration in terms of being exothermic processes and their roles in providing energy to biological systems.",
          "difficulty": "medium",
          "marks": 5,
          "id": "9_chem_ch5_long_6"
        }
      ]
    },
    {
      "id": "9_chem_ch6",
      "number": 6,
      "name": "Equilibria",
      "mcqs": [
        {
          "questionText": "What will happen if the rates of forward and reverse reactions are very high?",
          "options": [
            "The equilibrium point will reach very soon.",
            "The equilibrium point will reach very late.",
            "The reaction will not attain the state of dynamic equilibrium.",
            "The reaction will be practically irreversible."
          ],
          "correctOption": 0,
          "difficulty": "medium",
          "marks": 1,
          "id": "9_chem_ch6_mcq_1"
        },
        {
          "questionText": "Predict which components of the atmosphere react in the presence of lightning.",
          "options": [
            "$N_2$ and $H_2O$",
            "$O_2$ and $H_2O$",
            "$CO_2$ and $O_2$",
            "$N_2$ and $O_2$"
          ],
          "correctOption": 3,
          "difficulty": "medium",
          "marks": 1,
          "id": "9_chem_ch6_mcq_2"
        },
        {
          "questionText": "What condition should be met for the reversible reaction to achieve the state of equilibrium?",
          "options": [
            "All the reactants should be converted into the products.",
            "50% of the reactants should be converted into products.",
            "The concentrations of all the reactants and the products should become constant.",
            "One of the products should be removed from the reaction mixture."
          ],
          "correctOption": 2,
          "difficulty": "easy",
          "marks": 1,
          "id": "9_chem_ch6_mcq_3"
        },
        {
          "questionText": "Why the gas starts coming out when you open a can of fizzy drink?",
          "options": [
            "Because the solubility of the gas increases",
            "Because the gas is insoluble in water",
            "Because the gas is dissolved under pressure hence it comes out when pressure is decreased",
            "Because the solubility of the gas decreases at high pressure"
          ],
          "correctOption": 2,
          "difficulty": "medium",
          "marks": 1,
          "id": "9_chem_ch6_mcq_4"
        },
        {
          "questionText": "When a reaction will become a reversible one?",
          "options": [
            "If the activation energy of the forward reaction is comparable to that of backward reaction",
            "If the activation energy of the forward reaction is higher than that of backward reaction",
            "If the activation energy of the forward reaction is lower than that of backward reaction",
            "If the enthalpy change of both the reactions is zero."
          ],
          "correctOption": 0,
          "difficulty": "medium",
          "marks": 1,
          "id": "9_chem_ch6_mcq_5"
        },
        {
          "questionText": "Is reversible reaction useful for preparing compounds on large scale?",
          "options": [
            "No",
            "Yes",
            "They are useful only when equilibrium lies far to the right side",
            "They are useful only when equilibrium lies far to the left side"
          ],
          "correctOption": 2,
          "difficulty": "medium",
          "marks": 1,
          "id": "9_chem_ch6_mcq_6"
        },
        {
          "questionText": "A reaction in which the products recombine to form the reactants is called a(n):",
          "options": [
            "Irreversible reaction",
            "Neutralization reaction",
            "Reversible reaction",
            "Combustion reaction"
          ],
          "correctOption": 2,
          "difficulty": "easy",
          "marks": 1,
          "id": "9_chem_ch6_mcq_7"
        },
        {
          "questionText": "Which symbol is used to denote a reversible reaction?",
          "options": [
            "$\\rightarrow$",
            "$\\rightleftharpoons$",
            "$=$",
            "$\\equiv$"
          ],
          "correctOption": 1,
          "difficulty": "easy",
          "marks": 1,
          "id": "9_chem_ch6_mcq_8"
        }
      ],
      "shortQuestions": [
        {
          "questionText": "How is dynamic equilibrium different from the static equilibrium?",
          "difficulty": "easy",
          "marks": 2,
          "id": "9_chem_ch6_short_1"
        },
        {
          "questionText": "How can you get the maximum yield in a reversible reaction?",
          "difficulty": "medium",
          "marks": 2,
          "id": "9_chem_ch6_short_2"
        },
        {
          "questionText": "How can you decrease the time to attain the position of equilibrium in a reversible reaction?",
          "difficulty": "medium",
          "marks": 2,
          "id": "9_chem_ch6_short_3"
        },
        {
          "questionText": "Why are some reactions irreversible while others are reversible?",
          "difficulty": "medium",
          "marks": 2,
          "id": "9_chem_ch6_short_4"
        },
        {
          "questionText": "Why are combustion reactions generally irreversible?",
          "difficulty": "medium",
          "marks": 2,
          "id": "9_chem_ch6_short_5"
        },
        {
          "questionText": "Can you make an irreversible reaction reversible and vice versa?",
          "difficulty": "medium",
          "marks": 2,
          "id": "9_chem_ch6_short_6"
        },
        {
          "questionText": "Define a closed system and explain why dynamic equilibrium can only be established within it.",
          "difficulty": "easy",
          "marks": 2,
          "id": "9_chem_ch6_short_7"
        },
        {
          "questionText": "State the conditions under which a reversible reaction is considered to be at dynamic equilibrium.",
          "difficulty": "easy",
          "marks": 2,
          "id": "9_chem_ch6_short_8"
        }
      ],
      "longQuestions": [
        {
          "questionText": "How can you drive the reversible reaction at equilibrium? (a) in the forward direction (b) in the backward direction",
          "difficulty": "medium",
          "marks": 5,
          "id": "9_chem_ch6_long_1"
        },
        {
          "questionText": "Explain how the rates of forward and backward reactions change when the system approaches equilibrium.",
          "difficulty": "medium",
          "marks": 5,
          "id": "9_chem_ch6_long_2"
        },
        {
          "questionText": "How can a reversible reaction be forced to go to completion?",
          "difficulty": "medium",
          "marks": 5,
          "id": "9_chem_ch6_long_3"
        },
        {
          "questionText": "Explain the concept of dynamic equilibrium graphically, plotting the reaction rate of both forward and backward reactions against time.",
          "difficulty": "medium",
          "marks": 5,
          "id": "9_chem_ch6_long_4"
        },
        {
          "questionText": "Provide detailed examples of chemical and physical reversible processes that occur naturally, explaining how they eventually reach equilibrium if undisturbed.",
          "difficulty": "medium",
          "marks": 5,
          "id": "9_chem_ch6_long_5"
        }
      ]
    },
    {
      "id": "9_chem_ch7",
      "number": 7,
      "name": "Acid Base Chemistry",
      "mcqs": [
        {
          "questionText": "According to the Bronsted-Lowry concept, a substance that donates a proton is a(n):",
          "options": [
            "Acid",
            "Base",
            "Salt",
            "Alkali"
          ],
          "correctOption": 0,
          "difficulty": "easy",
          "marks": 1,
          "id": "9_chem_ch7_mcq_1"
        },
        {
          "questionText": "Which ion is essentially present in all aqueous acidic solutions?",
          "options": [
            "$OH^-$",
            "$Na^+$",
            "$H^+$",
            "$Cl^-$"
          ],
          "correctOption": 2,
          "difficulty": "easy",
          "marks": 1,
          "id": "9_chem_ch7_mcq_2"
        },
        {
          "questionText": "An alkali is distinctly characterized as a:",
          "options": [
            "Water-soluble acid",
            "Water-insoluble base",
            "Water-soluble base",
            "Non-metal oxide"
          ],
          "correctOption": 2,
          "difficulty": "easy",
          "marks": 1,
          "id": "9_chem_ch7_mcq_3"
        },
        {
          "questionText": "A strong acid is defined as one that:",
          "options": [
            "Partially dissociates in water",
            "Completely dissociates in water",
            "Does not dissolve in water",
            "Has a high pH"
          ],
          "correctOption": 1,
          "difficulty": "easy",
          "marks": 1,
          "id": "9_chem_ch7_mcq_4"
        },
        {
          "questionText": "Bases that are considered metal oxides typically react with acids to form:",
          "options": [
            "Hydroxide and Hydrogen",
            "Salt and Water",
            "A stronger acid",
            "Carbon dioxide"
          ],
          "correctOption": 1,
          "difficulty": "easy",
          "marks": 1,
          "id": "9_chem_ch7_mcq_5"
        },
        {
          "questionText": "A common characteristic property of acids is that they react with carbonates to release:",
          "options": [
            "$H_2$ gas",
            "$O_2$ gas",
            "$CO_2$ gas",
            "$N_2$ gas"
          ],
          "correctOption": 2,
          "difficulty": "easy",
          "marks": 1,
          "id": "9_chem_ch7_mcq_6"
        },
        {
          "questionText": "When an acid reacts with an active metal like Zinc, the gas evolved is:",
          "options": [
            "Oxygen",
            "Carbon dioxide",
            "Hydrogen",
            "Chlorine"
          ],
          "correctOption": 2,
          "difficulty": "easy",
          "marks": 1,
          "id": "9_chem_ch7_mcq_7"
        },
        {
          "questionText": "Ammonium salts react with bases upon heating to liberate which gas?",
          "options": [
            "Nitrogen",
            "Ammonia",
            "Hydrogen",
            "Carbon monoxide"
          ],
          "correctOption": 1,
          "difficulty": "easy",
          "marks": 1,
          "id": "9_chem_ch7_mcq_8"
        }
      ],
      "shortQuestions": [
        {
          "questionText": "Define Bronsted-Lowry acids and bases with one equation representing proton transfer.",
          "difficulty": "easy",
          "marks": 2,
          "id": "9_chem_ch7_short_1"
        },
        {
          "questionText": "Differentiate between a strong acid and a weak acid by providing dissociation equations for $HCl$ and $CH_3COOH$.",
          "difficulty": "medium",
          "marks": 3,
          "id": "9_chem_ch7_short_2"
        },
        {
          "questionText": "Why are all alkalis bases, but not all bases are alkalis?",
          "difficulty": "easy",
          "marks": 2,
          "id": "9_chem_ch7_short_3"
        },
        {
          "questionText": "Write a balanced chemical equation showing the reaction between sulfuric acid and magnesium metal.",
          "difficulty": "medium",
          "marks": 2,
          "id": "9_chem_ch7_short_4"
        },
        {
          "questionText": "What identifies an aqueous solution as basic? Mention the responsible ion.",
          "difficulty": "easy",
          "marks": 2,
          "id": "9_chem_ch7_short_5"
        },
        {
          "questionText": "Provide an example of a base neutralizing an acid to form a salt and water.",
          "difficulty": "easy",
          "marks": 2,
          "id": "9_chem_ch7_short_6"
        }
      ],
      "longQuestions": [
        {
          "questionText": "Describe the characteristic chemical properties of acids based on their reactions with reactive metals, bases, and metal carbonates. Provide balanced equations for each.",
          "difficulty": "medium",
          "marks": 5,
          "id": "9_chem_ch7_long_1"
        },
        {
          "questionText": "Formulate complete dissociation equations for nitric acid ($HNO_3$) and sodium hydroxide ($NaOH$) in aqueous solutions. Classify them as strong or weak.",
          "difficulty": "medium",
          "marks": 5,
          "id": "9_chem_ch7_long_2"
        },
        {
          "questionText": "Identify and discuss the chemical behavior of bases when they are reacted with ammonium salts, providing the chemical equation for the reaction between $NaOH$ and $NH_4Cl$.",
          "difficulty": "medium",
          "marks": 5,
          "id": "9_chem_ch7_long_3"
        },
        {
          "questionText": "Compare the Arrhenius concept of acids and bases with the Bronsted-Lowry concept. Explain why the Bronsted-Lowry model provides a broader definition.",
          "difficulty": "medium",
          "marks": 5,
          "id": "9_chem_ch7_long_4"
        },
        {
          "questionText": "Outline the process by which a metal oxide like $Na_2O$ acts as a base when dissolved in water.",
          "difficulty": "medium",
          "marks": 5,
          "id": "9_chem_ch7_long_5"
        }
      ]
    },
    {
      "id": "9_chem_ch8",
      "number": 8,
      "name": "Periodic Table and Periodicity",
      "mcqs": [
        {
          "questionText": "The vertical columns in the periodic table are called:",
          "options": [
            "Periods",
            "Groups",
            "Blocks",
            "Series"
          ],
          "correctOption": 1,
          "difficulty": "easy",
          "marks": 1,
          "id": "9_chem_ch8_mcq_1"
        },
        {
          "questionText": "Elements in the same group of the periodic table exhibit similar chemical properties because they have the same:",
          "options": [
            "Atomic number",
            "Mass number",
            "Number of valence electrons",
            "Number of neutrons"
          ],
          "correctOption": 2,
          "difficulty": "easy",
          "marks": 1,
          "id": "9_chem_ch8_mcq_2"
        },
        {
          "questionText": "As you move from left to right across a period, atomic size generally:",
          "options": [
            "Increases",
            "Decreases",
            "Remains constant",
            "First increases then decreases"
          ],
          "correctOption": 1,
          "difficulty": "easy",
          "marks": 1,
          "id": "9_chem_ch8_mcq_3"
        },
        {
          "questionText": "Which of the following elements is an alkali metal?",
          "options": [
            "Calcium",
            "Sodium",
            "Magnesium",
            "Aluminum"
          ],
          "correctOption": 1,
          "difficulty": "easy",
          "marks": 1,
          "id": "9_chem_ch8_mcq_4"
        },
        {
          "questionText": "The energy required to remove the most loosely bound electron from an isolated gaseous atom is called:",
          "options": [
            "Electron affinity",
            "Electronegativity",
            "Ionization energy",
            "Shielding effect"
          ],
          "correctOption": 2,
          "difficulty": "easy",
          "marks": 1,
          "id": "9_chem_ch8_mcq_5"
        },
        {
          "questionText": "Shielding effect across a period:",
          "options": [
            "Increases significantly",
            "Decreases",
            "Remains almost constant",
            "Drops to zero"
          ],
          "correctOption": 2,
          "difficulty": "medium",
          "marks": 1,
          "id": "9_chem_ch8_mcq_6"
        },
        {
          "questionText": "Who is credited with arranging the elements in the modern periodic table based on increasing atomic numbers?",
          "options": [
            "Mendeleev",
            "Dobereiner",
            "Newlands",
            "Moseley"
          ],
          "correctOption": 3,
          "difficulty": "easy",
          "marks": 1,
          "id": "9_chem_ch8_mcq_7"
        },
        {
          "questionText": "Electronegativity is highest for elements located in the:",
          "options": [
            "Bottom left",
            "Bottom right",
            "Top left",
            "Top right of the periodic table."
          ],
          "correctOption": 3,
          "difficulty": "medium",
          "marks": 1,
          "id": "9_chem_ch8_mcq_8"
        }
      ],
      "shortQuestions": [
        {
          "questionText": "Why do elements in a group show similar chemical properties?",
          "difficulty": "easy",
          "marks": 2,
          "id": "9_chem_ch8_short_1"
        },
        {
          "questionText": "Define ionization energy. Why does it increase across a period?",
          "difficulty": "easy",
          "marks": 2,
          "id": "9_chem_ch8_short_2"
        },
        {
          "questionText": "Explain the concept of electron affinity with an example.",
          "difficulty": "easy",
          "marks": 2,
          "id": "9_chem_ch8_short_3"
        },
        {
          "questionText": "Why is the size of a sodium atom larger than that of a chlorine atom?",
          "difficulty": "medium",
          "marks": 2,
          "id": "9_chem_ch8_short_4"
        },
        {
          "questionText": "State the Modern Periodic Law.",
          "difficulty": "easy",
          "marks": 2,
          "id": "9_chem_ch8_short_5"
        },
        {
          "questionText": "What is the shielding effect, and how does it influence atomic size down a group?",
          "difficulty": "medium",
          "marks": 2,
          "id": "9_chem_ch8_short_6"
        },
        {
          "questionText": "How many elements are present in the first three periods of the periodic table?",
          "difficulty": "easy",
          "marks": 2,
          "id": "9_chem_ch8_short_7"
        },
        {
          "questionText": "Differentiate between periods and groups in the periodic table.",
          "difficulty": "easy",
          "marks": 2,
          "id": "9_chem_ch8_short_8"
        },
        {
          "questionText": "Why do noble gases have high ionization energies?",
          "difficulty": "medium",
          "marks": 2,
          "id": "9_chem_ch8_short_9"
        }
      ],
      "longQuestions": [
        {
          "questionText": "Discuss the variation of atomic radius across a period and down a group. Provide reasons for these trends.",
          "difficulty": "medium",
          "marks": 5,
          "id": "9_chem_ch8_long_1"
        },
        {
          "questionText": "Explain the trends of ionization energy and electron affinity in the periodic table.",
          "difficulty": "medium",
          "marks": 5,
          "id": "9_chem_ch8_long_2"
        },
        {
          "questionText": "How does the electronic configuration of elements determine their position in the periodic table?",
          "difficulty": "medium",
          "marks": 5,
          "id": "9_chem_ch8_long_3"
        },
        {
          "questionText": "Describe the historical development of the periodic table highlighting the contributions of Mendeleev and Moseley.",
          "difficulty": "medium",
          "marks": 5,
          "id": "9_chem_ch8_long_4"
        },
        {
          "questionText": "Explain how the shielding effect operates and detailed its consequences on the periodic trends of ionization energy and electronegativity.",
          "difficulty": "medium",
          "marks": 5,
          "id": "9_chem_ch8_long_5"
        }
      ]
    },
    {
      "id": "9_chem_ch9",
      "number": 9,
      "name": "Group Properties and Elements",
      "mcqs": [
        {
          "questionText": "Halogens belong to which group of the periodic table?",
          "options": [
            "Group 1",
            "Group 2",
            "Group 17",
            "Group 18"
          ],
          "correctOption": 2,
          "difficulty": "easy",
          "marks": 1,
          "id": "9_chem_ch9_mcq_1"
        },
        {
          "questionText": "Which of the following is the most reactive non-metal?",
          "options": [
            "Fluorine",
            "Chlorine",
            "Bromine",
            "Iodine"
          ],
          "correctOption": 0,
          "difficulty": "easy",
          "marks": 1,
          "id": "9_chem_ch9_mcq_2"
        },
        {
          "questionText": "Alkali metals have a valency of:",
          "options": [
            "+1",
            "+2",
            "-1",
            "0"
          ],
          "correctOption": 0,
          "difficulty": "easy",
          "marks": 1,
          "id": "9_chem_ch9_mcq_3"
        },
        {
          "questionText": "Noble gases are mostly unreactive because:",
          "options": [
            "They are gases",
            "They have complete valence shells",
            "They are found in small amounts",
            "They have low atomic masses"
          ],
          "correctOption": 1,
          "difficulty": "easy",
          "marks": 1,
          "id": "9_chem_ch9_mcq_4"
        },
        {
          "questionText": "The element at the top of Group 2 is:",
          "options": [
            "Magnesium",
            "Calcium",
            "Beryllium",
            "Strontium"
          ],
          "correctOption": 2,
          "difficulty": "easy",
          "marks": 1,
          "id": "9_chem_ch9_mcq_5"
        },
        {
          "questionText": "The halogens exist as:",
          "options": [
            "Monatomic molecules",
            "Diatomic molecules",
            "Triatomic molecules",
            "Polyatomic chains"
          ],
          "correctOption": 1,
          "difficulty": "easy",
          "marks": 1,
          "id": "9_chem_ch9_mcq_6"
        },
        {
          "questionText": "Which group of elements is known as Alkaline Earth Metals?",
          "options": [
            "Group 1",
            "Group 2",
            "Group 13",
            "Group 17"
          ],
          "correctOption": 1,
          "difficulty": "easy",
          "marks": 1,
          "id": "9_chem_ch9_mcq_7"
        },
        {
          "questionText": "Down the halogen group (Group 17), the physical state at room temperature changes from:",
          "options": [
            "Solid to liquid to gas",
            "Gas to liquid to solid",
            "Liquid to gas to solid",
            "Gas to solid to liquid"
          ],
          "correctOption": 1,
          "difficulty": "medium",
          "marks": 1,
          "id": "9_chem_ch9_mcq_8"
        }
      ],
      "shortQuestions": [
        {
          "questionText": "Why are alkali metals stored under oil?",
          "difficulty": "easy",
          "marks": 2,
          "id": "9_chem_ch9_short_1"
        },
        {
          "questionText": "Mention two characteristic chemical properties of alkaline earth metals.",
          "difficulty": "easy",
          "marks": 2,
          "id": "9_chem_ch9_short_2"
        },
        {
          "questionText": "Why do halogens have high electronegativities?",
          "difficulty": "easy",
          "marks": 2,
          "id": "9_chem_ch9_short_3"
        },
        {
          "questionText": "What happens when a halogen reacts with a metal? Provide a general equation.",
          "difficulty": "medium",
          "marks": 2,
          "id": "9_chem_ch9_short_4"
        },
        {
          "questionText": "Why are noble gases monoatomic?",
          "difficulty": "easy",
          "marks": 2,
          "id": "9_chem_ch9_short_5"
        },
        {
          "questionText": "Compare the reactivity of Sodium (Na) and Magnesium (Mg) with water.",
          "difficulty": "medium",
          "marks": 2,
          "id": "9_chem_ch9_short_6"
        },
        {
          "questionText": "Explain the trend in the oxidizing power of halogens down the group.",
          "difficulty": "medium",
          "marks": 2,
          "id": "9_chem_ch9_short_7"
        }
      ],
      "longQuestions": [
        {
          "questionText": "Discuss the chemical similarities and trends in reactivity among the Group 1 alkali metals.",
          "difficulty": "medium",
          "marks": 5,
          "id": "9_chem_ch9_long_1"
        },
        {
          "questionText": "Analyze the chemical properties of Group 17 elements (Halogens) and explain why their reactivity decreases down the group.",
          "difficulty": "medium",
          "marks": 5,
          "id": "9_chem_ch9_long_2"
        },
        {
          "questionText": "Compare the typical chemical behaviors of Group 1 (Alkali Metals) with Group 2 (Alkaline Earth Metals).",
          "difficulty": "medium",
          "marks": 5,
          "id": "9_chem_ch9_long_3"
        },
        {
          "questionText": "Explain the concept of noble gas configuration and how it acts as the driving force for the chemical reactions of elements in Groups 1, 2, and 17.",
          "difficulty": "medium",
          "marks": 5,
          "id": "9_chem_ch9_long_4"
        },
        {
          "questionText": "Describe the displacement reactions of halogens. Use chemical equations to show how a more reactive halogen displaces a less reactive halogen from its aqueous salt solution.",
          "difficulty": "medium",
          "marks": 5,
          "id": "9_chem_ch9_long_5"
        }
      ]
    },
    {
      "id": "9_chem_ch10",
      "number": 10,
      "name": "Environmental Chemistry",
      "mcqs": [
        {
          "questionText": "Which layer of the atmosphere protects the Earth from harmful ultraviolet radiation?",
          "options": [
            "Troposphere",
            "Stratosphere",
            "Mesosphere",
            "Thermosphere"
          ],
          "correctOption": 1,
          "difficulty": "easy",
          "marks": 1,
          "id": "9_chem_ch10_mcq_1"
        },
        {
          "questionText": "The major component of the troposphere is:",
          "options": [
            "Oxygen",
            "Nitrogen",
            "Carbon dioxide",
            "Argon"
          ],
          "correctOption": 1,
          "difficulty": "easy",
          "marks": 1,
          "id": "9_chem_ch10_mcq_2"
        },
        {
          "questionText": "Primary pollutants are formed:",
          "options": [
            "By the reaction of secondary pollutants",
            "Directly from human and natural sources",
            "Only by volcanic eruptions",
            "In the stratosphere"
          ],
          "correctOption": 1,
          "difficulty": "easy",
          "marks": 1,
          "id": "9_chem_ch10_mcq_3"
        },
        {
          "questionText": "Which of the following is a secondary air pollutant?",
          "options": [
            "$SO_2$",
            "$CO$",
            "Ozone ($O_3$)",
            "$NO$"
          ],
          "correctOption": 2,
          "difficulty": "medium",
          "marks": 1,
          "id": "9_chem_ch10_mcq_4"
        },
        {
          "questionText": "The depletion of the ozone layer is heavily linked to the emission of:",
          "options": [
            "Carbon dioxide",
            "Methane",
            "Chlorofluorocarbons (CFCs)",
            "Sulfur dioxide"
          ],
          "correctOption": 2,
          "difficulty": "easy",
          "marks": 1,
          "id": "9_chem_ch10_mcq_5"
        },
        {
          "questionText": "A significant consequence of ozone layer depletion is an increase in:",
          "options": [
            "Respiratory diseases",
            "Skin cancer rates",
            "Global freezing",
            "Acid rain intensity"
          ],
          "correctOption": 1,
          "difficulty": "medium",
          "marks": 1,
          "id": "9_chem_ch10_mcq_6"
        },
        {
          "questionText": "The region of the atmosphere where all weather phenomena take place is the:",
          "options": [
            "Stratosphere",
            "Troposphere",
            "Mesosphere",
            "Exosphere"
          ],
          "correctOption": 1,
          "difficulty": "easy",
          "marks": 1,
          "id": "9_chem_ch10_mcq_7"
        },
        {
          "questionText": "Carbon monoxide is dangerous to human health because it:",
          "options": [
            "Causes acid rain",
            "Depletes the ozone layer",
            "Binds strongly to hemoglobin, preventing oxygen transport",
            "Acts as a greenhouse gas"
          ],
          "correctOption": 2,
          "difficulty": "medium",
          "marks": 1,
          "id": "9_chem_ch10_mcq_8"
        }
      ],
      "shortQuestions": [
        {
          "questionText": "Define the troposphere and mention its primary gaseous composition.",
          "difficulty": "easy",
          "marks": 2,
          "id": "9_chem_ch10_short_1"
        },
        {
          "questionText": "Differentiate between primary and secondary air pollutants with one example of each.",
          "difficulty": "easy",
          "marks": 2,
          "id": "9_chem_ch10_short_2"
        },
        {
          "questionText": "How do CFCs contribute to the destruction of the ozone layer?",
          "difficulty": "medium",
          "marks": 2,
          "id": "9_chem_ch10_short_3"
        },
        {
          "questionText": "What are the harmful biological effects of increased UV radiation reaching the Earth's surface due to ozone depletion?",
          "difficulty": "medium",
          "marks": 2,
          "id": "9_chem_ch10_short_4"
        },
        {
          "questionText": "What are the main sources of sulfur dioxide pollution in the atmosphere?",
          "difficulty": "easy",
          "marks": 2,
          "id": "9_chem_ch10_short_5"
        },
        {
          "questionText": "Explain the mechanism by which carbon monoxide is formed during combustion.",
          "difficulty": "medium",
          "marks": 2,
          "id": "9_chem_ch10_short_6"
        }
      ],
      "longQuestions": [
        {
          "questionText": "Provide a detailed account of the different layers of the atmosphere based on temperature variations.",
          "difficulty": "medium",
          "marks": 5,
          "id": "9_chem_ch10_long_1"
        },
        {
          "questionText": "Discuss the origins, transformations, and impacts of primary air pollutants like oxides of carbon, sulfur, and nitrogen.",
          "difficulty": "medium",
          "marks": 5,
          "id": "9_chem_ch10_long_2"
        },
        {
          "questionText": "Detail the chemical reactions involved in the ozone depletion cycle initiated by chlorofluorocarbons (CFCs) in the stratosphere.",
          "difficulty": "hard",
          "marks": 5,
          "id": "9_chem_ch10_long_3"
        },
        {
          "questionText": "Explain the distinction between primary and secondary pollutants and discuss the formation of smog as a complex secondary pollution event.",
          "difficulty": "medium",
          "marks": 5,
          "id": "9_chem_ch10_long_4"
        }
      ]
    },
    {
      "id": "9_chem_ch11",
      "number": 11,
      "name": "Hydrocarbons",
      "mcqs": [
        {
          "questionText": "Organic compounds that consist entirely of carbon and hydrogen are called:",
          "options": [
            "Carbohydrates",
            "Hydrocarbons",
            "Halides",
            "Alcohols"
          ],
          "correctOption": 1,
          "difficulty": "easy",
          "marks": 1,
          "id": "9_chem_ch11_mcq_1"
        },
        {
          "questionText": "Alkanes are classified as:",
          "options": [
            "Saturated hydrocarbons",
            "Unsaturated hydrocarbons",
            "Aromatic hydrocarbons",
            "Alkynes"
          ],
          "correctOption": 0,
          "difficulty": "easy",
          "marks": 1,
          "id": "9_chem_ch11_mcq_2"
        },
        {
          "questionText": "The general formula for alkenes is:",
          "options": [
            "$C_nH_{2n+2}$",
            "$C_nH_{2n}$",
            "$C_nH_{2n-2}$",
            "$C_nH_{2n+1}$"
          ],
          "correctOption": 1,
          "difficulty": "easy",
          "marks": 1,
          "id": "9_chem_ch11_mcq_3"
        },
        {
          "questionText": "Which of the following is an alkyne?",
          "options": [
            "$C_2H_6$",
            "$C_2H_4$",
            "$C_2H_2$",
            "$C_3H_8$"
          ],
          "correctOption": 2,
          "difficulty": "easy",
          "marks": 1,
          "id": "9_chem_ch11_mcq_4"
        },
        {
          "questionText": "Saturated hydrocarbons generally undergo:",
          "options": [
            "Addition reactions",
            "Substitution reactions",
            "Polymerization reactions",
            "Elimination reactions"
          ],
          "correctOption": 1,
          "difficulty": "medium",
          "marks": 1,
          "id": "9_chem_ch11_mcq_5"
        },
        {
          "questionText": "The simplest alkene, ethene, contains a:",
          "options": [
            "Single covalent bond between carbons",
            "Double covalent bond between carbons",
            "Triple covalent bond between carbons",
            "Coordinate bond"
          ],
          "correctOption": 1,
          "difficulty": "easy",
          "marks": 1,
          "id": "9_chem_ch11_mcq_6"
        },
        {
          "questionText": "Alkanes are also known as paraffins because they are:",
          "options": [
            "Highly reactive",
            "Readily soluble in water",
            "Little reacting/unreactive under normal conditions",
            "Always found in liquid state"
          ],
          "correctOption": 2,
          "difficulty": "easy",
          "marks": 1,
          "id": "9_chem_ch11_mcq_7"
        },
        {
          "questionText": "Compounds containing at least one carbon-carbon triple bond are termed:",
          "options": [
            "Alkanes",
            "Alkenes",
            "Alkynes",
            "Aromatics"
          ],
          "correctOption": 2,
          "difficulty": "easy",
          "marks": 1,
          "id": "9_chem_ch11_mcq_8"
        }
      ],
      "shortQuestions": [
        {
          "questionText": "Define hydrocarbons and classify them into saturated and unsaturated types.",
          "difficulty": "easy",
          "marks": 2,
          "id": "9_chem_ch11_short_1"
        },
        {
          "questionText": "Write down the structural formulas for the first three members of the alkane series.",
          "difficulty": "easy",
          "marks": 2,
          "id": "9_chem_ch11_short_2"
        },
        {
          "questionText": "Why are alkenes more reactive than alkanes?",
          "difficulty": "medium",
          "marks": 2,
          "id": "9_chem_ch11_short_3"
        },
        {
          "questionText": "Define the term 'homologous series' in the context of hydrocarbons.",
          "difficulty": "easy",
          "marks": 2,
          "id": "9_chem_ch11_short_4"
        },
        {
          "questionText": "What is the defining structural feature of an alkyne? Provide an example.",
          "difficulty": "easy",
          "marks": 2,
          "id": "9_chem_ch11_short_5"
        },
        {
          "questionText": "How can you differentiate between a saturated and an unsaturated hydrocarbon based on bonding?",
          "difficulty": "easy",
          "marks": 2,
          "id": "9_chem_ch11_short_6"
        },
        {
          "questionText": "Write the general molecular formulas for alkanes, alkenes, and alkynes.",
          "difficulty": "easy",
          "marks": 2,
          "id": "9_chem_ch11_short_7"
        },
        {
          "questionText": "Explain why the boiling points of continuous chain alkanes increase with molecular mass.",
          "difficulty": "medium",
          "marks": 2,
          "id": "9_chem_ch11_short_8"
        }
      ],
      "longQuestions": [
        {
          "questionText": "Discuss the classification of hydrocarbons in detail, providing the structural formulas and general formulas for alkanes, alkenes, and alkynes.",
          "difficulty": "medium",
          "marks": 5,
          "id": "9_chem_ch11_long_1"
        },
        {
          "questionText": "Explain the concept of a homologous series. Detail the physical trends observed within the homologous series of alkanes.",
          "difficulty": "medium",
          "marks": 5,
          "id": "9_chem_ch11_long_2"
        },
        {
          "questionText": "Compare the nature of carbon-carbon bonding in saturated and unsaturated hydrocarbons. Explain how the bonding affects their stability.",
          "difficulty": "medium",
          "marks": 5,
          "id": "9_chem_ch11_long_3"
        },
        {
          "questionText": "Discuss the naming conventions (nomenclature) basics for the first ten straight-chain alkanes.",
          "difficulty": "medium",
          "marks": 5,
          "id": "9_chem_ch11_long_4"
        },
        {
          "questionText": "Explain the structural representation of open-chain (aliphatic) and closed-chain (cyclic) hydrocarbons with appropriate examples for each category.",
          "difficulty": "medium",
          "marks": 5,
          "id": "9_chem_ch11_long_5"
        }
      ]
    }
  ]
}